is_treatment,count,mean,std,min,25%,50%,75%,max
0,52.0,21.76923076923077,32.887577596730885,0.0,0.0,0.0,50.0,100.0
1,195.0,49.04102564102564,34.8149505593185,0.0,10.0,50.0,80.0,100.0
